Shop Name,Email
"PixelBloomnz","pixelbloomnz@gmail.com"
"ForDXpro","dxpro4ever9@gmail.com"
"AweeDecor","sunb4ever9@gmail.com"
"Centurine","centurion4ever9@gmail.com"
"Ebay Laxie","lemdangebay@gmail.com"
"NativeGreenWood","nganussgreen@gmail.com"
"LilylaneNZ","ltdnzetsy01@gmail.com"
"Stitchsoulbyani","anidecorptyltd@gmail.com"
"LunaHouseArt","nhunglunabloom@gmail.com"
"Tumblerlyllc","tumblerlyllc@outlook.com"
"PicturallcStore","picturallc@outlook.com"
"ShopKiwiTreasures","alexborley20111985@gmail.com"
"KavariLabel","kavari19967@gmail.com"
"LaxieCrafts","laxie19976@gmail.com"
"WinkAndWood","hippoblueinc@gmail.com"
"TMJProducts","tmjproducts14@gmail.com"
"SunbeamDarling","knekillc@gmail.com"
"CenturionRR","rrcenturionllc@gmail.com"
"DXproD","dxprollc@gmail.com"
"PixelHapi","mtuongpixel@gmail.com"
"Laxiesdream","laxiesdream@gmail.com"
"NatureCraftingArt","naturegreenusa@gmail.com"
"Kavariette","kavariette96@gmail.com"
"Hippo4ever","hippo4ever9@gmail.com"
"Ebay Kavari","vuleebay@gmail.com"
"Netsyfly","ngannature02@gmail.com"
"Bluesify","ngannatureblue02@gmail.com"
"Tumblerly25","tumblerly25@outlook.com"
"Pictura1025","pictura1025@outlook.com"
"TMJDreams","tmjproducts24@gmail.com"
"Ani Custom","anicustomize2299@gmail.com"
"knstudio24602","knstudio24602@gmail.com"
"knstudio246","knstudio246@gmail.com"